"Type","Buy","Cur.","Sell","Cur.","Exchange","Comment","Date"
"Trade","0.00211165","BTC","100.00000000","EUR","BlockFi","","2021-02-26"
"Trade","0.10797738","BTC","0.00000000","0","","","2021-02-26"
"Trade","10.00000000","BTC","1000000.00000000","PLN","","","2021-02-26"
"Trade","0.01903620","BTC","800.00000000","CHF","","","2021-02-26"
"Withdrawal","","","5.00000000","ETH","","","2021-02-26"
"Trade","0.05395950","BNB","10.50000000","EUR","","","2021-02-26"
"Withdrawal","","","50300.00000000","USDT","","","2021-02-26"
"Deposit","1.00000000","BTC","","","","","2021-02-26"
"Deposit","2.00000000","ETH","","","","","2021-02-26"
"Deposit","123.00000000","STORJ","","","","","2021-02-25"
"Deposit","157.00000000","STX2","","","","","2021-02-25"
"Deposit","6.70000000","SUSHI","","","","","2021-02-25"
"Deposit","42.00000000","SXP","","","","","2021-02-25"
"Deposit","30.00000000","THETA","","","","","2021-02-25"
"Deposit","50.00000000","TOMO","","","","","2021-02-25"
"Deposit","2.00000000","TRB","","","","","2021-02-25"
"Deposit","2000.00000000","TRX","","","","","2021-02-25"
"Deposit","120.00000000","TWT","","","","","2021-02-25"
"Deposit","5.00000000","UNI2","","","","","2021-02-25"
"Deposit","2150.00000000","VET","","","","","2021-02-25"
"Deposit","9.00000000","WAVES","","","","","2021-02-25"
"Deposit","3.20000000","WING","","","","","2021-02-25"
"Deposit","180.00000000","XEM","","","","","2021-02-25"
"Deposit","200.00000000","XLM","","","","","2021-02-25"
"Deposit","0.46000000","XMR","","","","","2021-02-25"
"Deposit","20.00000000","XTZ","","","","","2021-02-25"
"Deposit","1.35000000","XVS","","","","","2021-02-25"
"Deposit","0.80000000","ZEC","","","","","2021-02-25"
"Deposit","750.00000000","ZIL","","","","","2021-02-25"
"Deposit","65.00000000","ZRX","","","","","2021-02-25"
"Deposit","724.00000000","XRP","","","","","2021-02-25"
"Lost","","","0.00000060","BTC","","Prowizja za kupno 002","2021-02-25"
"Trade","3.85000000","BTC","1.00000000","EUR","","","2021-02-25"
"Deposit","400.00000000","EUR","","","BISON","","2021-02-24"
"Deposit","80.00000000","EUR","","","","","2021-02-24"
"Trade","16.72000000","NANO","80.00000000","EUR","","","2021-02-24"
"Trade","3.21000000","ETH","5000.00000000","CHF","Kraken","","2021-02-23"
"Trade","500.00000000","DGB","35.00000000","USD","Binance","","2021-02-23"
"Trade","1.00000000","BNB","262.00000000","USD","Binance","","2021-02-23"
"Deposit","200.00000000","EUR","","","Kraken","Deposito inicial","2021-02-22"
"Trade","0.03000000","BTC","200.00000000","EUR","Kraken","","2021-02-22"
"Deposit","60.00000000","BTC","","","","","2021-02-22"
"Deposit","35108.00000000","TFUEL","","","","","2021-02-22"
"Trade","0.17251000","ETH","218.50000000","GBP","","","2021-02-22"
"Trade","0.03871300","BTC","1470.50000000","GBP","Binance","","2021-02-22"
"Trade","45.40000000","XRP","100.00000000","POLISH","","","2021-02-22"
"Staking","10.70501417","VTHO","","","Bitvavo","","2021-02-22"
"Staking","0.00130641","ETH","","","Bitvavo","","2021-02-22"
"Staking","0.00005252","BTC","","","Bitvavo","","2021-02-22"
"Staking","1.09895300","ADA","","","Bitvavo","","2021-02-22"
"Trade","300.00000000","CAKE","0.00000000","USD","","","2021-02-22"
"Trade","3071.00000000","4ART","726.00000000","USDT","Mit Muko und Mustafa","","2021-02-22"
"Trade","1156.85000106","DGB","221.69358750","CVC","Exodus","","2021-02-20"
"Trade","0.20500000","XVS","0.20500000","XVS","","","2021-02-20"
"Trade","2.23900000","CAKE","2.23900000","CAKE","","","2021-02-20"
"Trade","0.11186737","BTC","27.88000000","LTC","","","2021-02-20"
"Trade","1.00000000","DOT2","1.00000000","DOT2","Binance","","2021-02-20"
"Trade","100.00000000","DOT2","3154.97000000","EUR","Kraken","","2021-02-20"
"Withdrawal","","","0.01700000","BTC","","","2021-02-20"
"Deposit","1.96000000","BTC","","","","","2021-02-19"
"Trade","975.00000000","USDT","3.00000000","BNB","Binance","DCA Out","2021-02-19"
"Withdrawal","","","2673.30000000","USDT","VCC","B? tr? phí 15usdt nh?ng th?c ra là 70usdt","2021-02-19"
"Withdrawal","","","1.00000000","BTC","Bison App","","2021-02-19"
"Trade","575.00000000","EOS","3000.00000000","USD","","","2021-02-19"
"Deposit","0.00000000","COMP","","","coinbase","","2021-02-19"
"Deposit","0.00000000","OMG","","","coinbase","","2021-02-19"
"Deposit","0.00000000","ENJ","","","binanceUS","","2021-02-19"
"Trade","27.67000000","AVAX","1127.73520000","USD","binance","","2021-02-18"
"Trade","1128.67880000","USDT","227.07000000","CELO","binance","","2021-02-18"
"Withdrawal","","","0.37471725","BNB","","","2021-02-18"
"Income","1000.00000000","DOGE","","","","","2021-02-18"
"Trade","43020.67000000","EUR","0.01002200","BTC","binance","","2021-02-18"
"Gift","","","100.00000000","USD","","","2021-02-18"
"Gift/Tip","2818.00000000","LTO","","","","","2021-02-18"
"Gift/Tip","1966.00000000","XLM","","","","","2021-02-18"
"Gift/Tip","566.00000000","CTXC","","","","","2021-02-18"
"Trade","0.00429000","BTC","184.76000000","EUR","Crypto.com","","2021-02-17"
"Withdrawal","","","0.10000000","BTC","","","2021-02-17"
"Trade","0.24427000","ETH","42.53200000","USDT","","","2021-02-17"
"Trade","111.00000000","DOT","0.06804574","BTC","","","2021-02-16"
"Trade","295.38631800","USDT","245.00000000","EUR","Binance","Manuell ohne Gebühr Euro Einzahlung Konto","2021-02-16"
"Trade","239.29277254","1INCH","0.65000000","ETH","Metamask","","2021-02-16"
"Trade","0.00047000","FIL","19.70000000","USDT","","","2021-02-16"
"Trade","609.03968876","ARMOR","0.40000000","ETH","Metamask","","2021-02-16"
"Trade","0.46295354","COVER","0.40000000","ETH","Metamask","","2021-02-16"
"Trade","1847.55060000","USD","3496.50000000","ENJ","Binance US","","2021-02-16"
"Trade","1107.45000000","EUR","0.02584481","BTC","BSDEX","","2021-02-16"
"Trade","15029.77270000","USDT","15044.81760000","USDC","KuCoin","","2021-02-16"
"Deposit","100.00000000","EUR","","","Bitpanda","","2021-02-16"
"Trade","200.00000000","ADA","50.00000000","EUR","Bitpanda","","2021-02-16"
"Trade","63.00000000","ADA","61.00000000","EUR","Coinmerce","","2021-02-16"
"Lost","","","0.09260000","BTC","RF","","2021-02-16"
"Trade","21.20800000","VXVS","999.99100000","USDT","","","2021-02-15"
"Trade","0.88103506","DAI","0.00521438","ZEC","Coinbase","","2021-02-15"
"Trade","4.20000000","LINK","2500.00000000","DOGE","","","2021-02-15"
"Trade","1.00000000","BTC","20000.00000000","PLN","","","2021-02-15"
"Trade","0.04307000","BTC","191.00000000","USDT","47000","","2021-02-15"
"Withdrawal","","","8000000.00000000","STON","Caixa","","2021-02-15"
"Deposit","0.01583263","BTC","","","Wallet","from ShakePay","2021-02-15"
"Deposit","0.43990309","ETH","","","Wallet","from ShakePay","2021-02-15"
"Trade","55.78542906","LTC","12395.30000000","USD","","","2021-02-15"
"Deposit","0.05217800","BTC","","","binance","$2432.44  46618/btc","2021-02-15"
"Trade","100.00000000","XLM","337.00000000","XRP","","","2021-02-14"
"Trade","114.54000000","XLM","0.00000000","EUR","","","2021-02-14"
"Trade","114.54000000","XLM","0.00000000","0","","","2021-02-14"
"Trade","28.47000000","DOT","755.00000000","USD","Binance","","2021-02-14"
"Deposit","1.80000000","DOT","","","","","2021-02-14"
"Deposit","0.21148543","LTC","","","","","2021-02-14"
"Trade","2.00000000","XRP","2.00000000","BTC","","","2021-02-14"
"Withdrawal","","","102.50000000","LSK","Bittrex","","2021-02-14"
"Deposit","997.00000000","EUR","","","Binance","","2021-02-14"
"Income","0.10000000","BTC","","","","","2021-02-14"
"Deposit","520.00000000","ADA","","","Binance","","2021-02-14"
"Trade","1512.00000000","COTI","258.22000000","STX2","Mit Sven","","2021-02-14"
"Deposit","0.00019890","BTC","","","","","2021-02-13"
"Trade","500.00000000","LINK","100.00000000","EUR","Bitpanda","","2021-02-13"
"Trade","454.00000000","REEF","23.29791800","USDT","binance","","2021-02-13"
"Trade","100.00000000","MIOTA","100.00000000","EUR","coinmerce","","2021-02-13"
"Deposit","10.00000000","EUR","","","","Ausgleich EURO-Wert in Wallet (340 EUR vs. 350 EUR)","2021-02-11"
"Deposit","4506.37446400","ADA","","","","","2021-02-11"
"Trade","1.00000000","BTC","45000.00000000","EUR","","","2021-02-11"
"Trade","600000.00000000","EUR","1.00000000","BTC","","","2021-02-11"
"Withdrawal","","","600000.00000000","EUR","bitstamp -> wa","","2021-02-11"
"Trade","430.00000000","EURO","1000.00000000","XRP","","","2021-02-11"
"Trade","200.00000000","DOGE","300.00000000","GPD","","","2021-02-11"
"Trade","0.00052919","BTC","25.00000000","USD","","","2021-02-11"
"Airdrop","20.00000000","BTC","","","","","2021-02-10"
"Trade","688876.98766000","BITSH","20.00000000","USDT","BNB","","2021-02-10"
"Deposit","900.00000000","EURO","","","","","2021-02-10"
"Trade","0.01161287","BTC","702.89000000","CAD","","","2021-02-10"
"Trade","0.00614351","BTC","145.50000000","CAD","","","2021-02-10"
"Trade","0.00870685","BTC","195.00000000","CAD","","","2021-02-10"
"Trade","0.00893454","BTC","195.00000000","CAD","","","2021-02-10"
"Deposit","34.97000000","1INCH","","","Binance US","","2021-02-10"
"Deposit","0.91000000","ADA","","","Binance US","","2021-02-10"
"Deposit","0.37300000","ATOM2","","","Binance US","","2021-02-10"
"Deposit","94.86000000","BEL","","","Binance US","","2021-02-10"
"Deposit","7.60000000","BLZ","","","Binance US","","2021-02-10"
"Deposit","3.42746927","BNB","","","Binance US","","2021-02-10"
"Deposit","302.24942848","BUSD","","","Binance US","","2021-02-10"
"Deposit","2360.00000000","CHZ","","","Binance US","","2021-02-10"
"Deposit","0.05366730","COMP","","","Binance US","","2021-02-10"
"Deposit","35.33640000","DODGE","","","Binance US","","2021-02-10"
"Deposit","0.00000000","EGLD","","","Binance US","","2021-02-10"
"Deposit","3.71082800","HNT","","","Binance US","","2021-02-10"
"Deposit","297.88000000","IOT","","","Binance US","","2021-02-10"
"Deposit","7.50500000","LINK","","","Binance US","","2021-02-10"
"Deposit","4.81310000","MATIC","","","Binance US","","2021-02-10"
"Deposit","0.00371000","MKR","","","Binance US","","2021-02-10"
"Deposit","0.03780000","OMG","","","Binance US","","2021-02-10"
"Deposit","28.01244000","ONE2","","","Binance US","","2021-02-10"
"Deposit","4.45250000","RUNE","","","Binance US","","2021-02-10"
"Deposit","1489.00000000","SKL","","","Binance US","","2021-02-10"
"Deposit","0.03026200","SOL2","","","Binance US","","2021-02-10"
"Deposit","41.13000000","SRM","","","Binance US","","2021-02-10"
"Deposit","108.99000000","STORJ","","","Binance US","","2021-02-10"
"Deposit","1814.20000000","TRX","","","Binance US","","2021-02-10"
"Deposit","0.02156400","UNI2","","","Binance US","","2021-02-10"
"Deposit","2.90000000","ADX","","","Binance US","","2021-02-10"
"Deposit","299.70000000","AGI","","","Binance US","","2021-02-10"
"Deposit","2.49750000","ANT","","","Binance US","","2021-02-10"
"Deposit","0.98500000","BZRX","","","Binance US","","2021-02-10"
"Deposit","7.22000000","CRV","","","Binance US","","2021-02-10"
"Deposit","9.67890000","CVC","","","Binance US","","2021-02-10"
"Deposit","19.50000000","DLT","","","Binance US","","2021-02-10"
"Deposit","0.24301000","FIL","","","Binance US","","2021-02-10"
"Deposit","35.28000000","FLM","","","Binance US","","2021-02-10"
"Deposit","99.90000000","HIVE","","","Binance US","","2021-02-10"
"Deposit","180492.34000000","IDRT","","","Binance US","","2021-02-10"
"Deposit","14.74500000","JST","","","Binance US","","2021-02-10"
"Deposit","0.00890000","KSM","","","Binance US","","2021-02-10"
"Deposit","5.00000000","LRC","","","Binance US","","2021-02-10"
"Deposit","4.75000000","POA","","","Binance US","","2021-02-10"
"Deposit","0.09700000","SNX","","","Binance US","","2021-02-10"
"Deposit","99.90000000","STEEM","","","Binance US","","2021-02-10"
"Deposit","3.43640000","SUSHI","","","Binance US","","2021-02-10"
"Deposit","8.90000000","TFUEL","","","Binance US","","2021-02-10"
"Deposit","3.40000000","THETA","","","Binance US","","2021-02-10"
"Deposit","0.25000000","UNFI","","","Binance US","","2021-02-10"
"Deposit","22.00000000","VIBE","","","Binance US","","2021-02-10"
"Deposit","0.00250000","WING2","","","Binance US","","2021-02-10"
"Deposit","0.00059450","YFI","","","Binance US","","2021-02-10"
"Deposit","0.00430405","YFII","","","Binance US","","2021-02-10"
"Deposit","108.99000000","STORJ","","","Binance US","","2021-02-09"
"Deposit","0.02156400","UNI2","","","Binance US","","2021-02-09"
"Trade","720.03958682","USD","720.03958682","USDT","Binance US","","2021-02-09"
"Deposit","14.22000000","ZRX","","","Binance US","","2021-02-09"
"Deposit","24.59348788","XTZ","","","Binance US","","2021-02-09"
"Trade","0.00176000","BTC","82.28000000","USD","","","2021-02-09"
"Trade","3.10000000","DOT","50.00000000","GBP","","","2021-02-09"
"Trade","6523.30000000","MATIC","500.00000000","EUR","Binance 2","","2021-02-09"
"Deposit","4.53536000","DOT","","","Exodus","from Binance","2021-02-08"
"Deposit","0.05370700","BTC","","","Binance","","2021-02-08"
"Trade","0.00571700","BTC","0.00000000","BTC","","","2021-02-08"
"Deposit","0.05440900","BTC","","","","","2021-02-08"
"Gift/Tip","0.03882773","LTC","","","Thomas","","2021-02-06"
"Gift/Tip","0.00020288","BTC","","","Thomas","","2021-02-06"
"Trade","0.60710000","LTC","80.00000000","EUR","Thomas","","2021-02-06"
"Trade","0.20690000","BCH","80.00000000","EUR","Thomas","","2021-02-06"
"Trade","2578.64800000","DGB","80.00000000","EUR","Thomas","","2021-02-06"
"Trade","216.37000000","XRP","80.00000000","EUR","Thomas","","2021-02-06"
"Trade","0.00000000","ETH","0.06925793","ETH","","","2021-02-06"
"Trade","276.02183250","XLM","0.05672801","ETH","BINANCE","","2021-02-06"
"Deposit","1.89936205","ETH","","","Wallet","from ShakePay","2021-02-06"
"Deposit","6.93406307","ETH","","","Metamask","Manual","2021-02-06"
"Trade","84.22200000","USDT","0.05000000","ETH","","","2021-02-06"
"Trade","214.88000000","OXT","84.14700000","USDT","","","2021-02-06"
"Deposit","3074.00000000","DOGE","","","Binance","","2021-02-06"
"Trade","5500.00000000","USD","11.83000000","AAVE","","","2021-02-06"
"Trade","1.16200000","BNB","0.16000000","USDT","","","2021-02-06"
"Trade","4.92464043","ETH","0.00000000","EUR","","","2021-02-06"
"Trade","1.00000000","ETH","0.00000000","ETH","","","2021-02-06"
"Trade","63.00000000","XRP","106.00000000","PLN","","","2021-02-05"
"Airdrop","4.02046274","BNB","","","Binance","","2021-02-05"
"Staking","0.01822341","SXP","","","Binance","","2021-02-05"
"Airdrop","1552.44585734","REEF","","","Binance","","2021-02-05"
"Deposit","3661.24616700","USDC","","","Celsius","from sale 2.1544 ETH","2021-02-05"
"Trade","3667.24616700","USDC","2.15440000","ETH","Crypto.com","ETH -> USDC buy 3670.246167","2021-02-05"
"Trade","121.00000000","ALGO","99.50000000","USD","Coinbase","Purchased with $100 transfer from USAA","2021-02-05"
"Trade","0.00000000","USDT","100.00000000","ADA","","","2021-02-05"
"Trade","300.00000000","USDT","3727.00000000","ZIL","","","2021-02-05"
"Trade","0.80000000","AAVE","0.00000000","0","kucoin BOT","","2021-02-04"
"Airdrop","2.00000000","BCH","","","","","2021-02-04"
"Deposit","561.95683400","PHA","","","","","2021-02-04"
"Deposit","6457.17975400","EDG2","","","","","2021-02-04"
"Deposit","110.90118800","POLS","","","","","2021-02-04"
"Deposit","10.22151600","CRU","","","","","2021-02-04"
"Deposit","1253.10676400","RFUEL","","","","","2021-02-04"
"Deposit","27.24440200","API3","","","","","2021-02-04"
"Deposit","26.42404600","MIR2","","","","","2021-02-04"
"Deposit","13.66361800","RARI","","","","","2021-02-04"
"Deposit","2.45108800","BADGER","","","","","2021-02-04"
"Trade","125.84617100","USDC","2500.00000000","DOGE","Crypto.com","DOGE -> USDC","2021-02-04"
"Trade","0.00317400","BTC","99.98100000","EURO","Binance","","2021-02-04"
"Airdrop","1.00000000","GPH","","","Coinbase","","2021-02-04"
"Deposit","2400.00000000","REEF","","","","","2021-02-04"
"Withdrawal","","","0.20095190","BTC","Trezor","Moving some over to sell","2021-02-03"
"Trade","0.00233595","BTC","1305.00000000","LOOM","Binance","Sold LOOM for BTC / CAD$109.90. price in btc for 1 LOOM = 0.00000179 Price BNB 65.7234 = -.08 cents","2021-02-03"
"Trade","0.00483021","BTC","20.00000000","ATOM","Crypto.com","ATOM -> BTC price in btc for 1 LOOM = 0.00024151","2021-02-03"
"Deposit","200.00000000","ADA","","","","","2021-02-03"
"Deposit","194.70000000","USDC","","","Ledger Live","Ethereum 1","2021-02-01"
"Deposit","105.16185500","USDC","","","Ledger Live","Ethereum 1","2021-02-01"
"Trade","29.85214000","XLM","0.00000000","0","","","2021-02-01"
"Gift/Tip","6.93406307","ETH","","","Binance","Manual - Recovery from transfer error to Bunny Contract wallet","2021-02-01"
"Withdrawal","","","4.00000146","LTC","Ledger Live","Litecoin 1 (native segwit)","2021-02-01"
"Withdrawal","","","6.25893137","DASH","Ledger Live","Dash 1","2021-02-01"
"Deposit","210584.19000000","SRK","","","","","2021-02-01"
"Deposit","377.67000000","GRT","","","Ledger Live","Ethereum 1","2021-02-01"
"Trade","1.87000000","DOT2","30.00000000","USDT","BNB","","2021-02-01"
"Trade","24.61000000","IOTA","10.43464000","USDT","BINACE Exchange","","2021-02-01"
"Trade","0.00019940","BTC","90.17000000","PLN","","Kupno 002","2021-02-01"
"Trade","48.01000000","AAVE","48.01000000","USD","","","2021-02-01"
"Lost","","","6.93413107","ETH","Binance","Manual - Transfer error to Bunny Contract wallet","2021-02-01"
"Trade","15.00000000","GRT","29.00000000","USD","Binance","","2021-02-01"
"Trade","0.00024266","BTC","30.00000000","PLN","","","2021-01-31"
"Trade","0.00405995","ETH","20.00000000","PLN","","","2021-01-31"
"Trade","0.07494750","BTC","2465.75000000","USD","","","2021-01-31"
"Withdrawal","","","136.33599150","EGLD","Metamask","","2021-01-31"
"Income","157.21590000","GRT","","","Coinbase","Investition Januar","2021-01-31"
"Trade","3.85000000","BTC","1.00000000","EUR","","","2021-01-30"
"Trade","4.00000000","AAVE","100000.00000000","TNB","","","2021-01-30"
"Trade","1.00000000","UNI","302.00000000","NEBL","","","2021-01-30"
"Trade","1.00000000","UNI","100.32000000","EOS","","","2021-01-30"
"Trade","1.00000000","UNI","47.00000000","GAS","","","2021-01-30"
"Trade","1.00000000","UNI","902.00000000","WABI","","","2021-01-30"
"Trade","50.00000000","UNI","1290.00000000","XLM","","","2021-01-30"
"Trade","125.00000000","DOT","5000.00000000","XRP","","","2021-01-30"
"Trade","0.36116399","ETH","400.00000000","EUR","","","2021-01-30"
"Trade","1.74000000","DOT2","30.00000000","USDT","BNB","","2021-01-29"
"Trade","35.00000000","XLM","11.00000000","AED","","","2021-01-29"
"Deposit","111.00000000","XRP","","","","","2021-01-29"
"Withdrawal","","","1076.01000000","USD","Coinbase Pro","Cash from Sales into Schwab Checking","2021-01-29"
"Lost","","","54.00000000","BTC","","","2021-01-29"
"Trade","200.00000000","DOGE","52765.00000000","CAD","","","2021-01-29"
"Trade","0.00816853","BTC","250.00000000","USDT","MindCapital Exchange","Compra de BTC","2021-01-27"
"Deposit","0.06229000","ETH","","","Binance","","2021-01-27"
"Deposit","0.02858000","BTC","","","","","2021-01-27"
"Deposit","0.18524000","ETH","","","","","2021-01-27"
"Trade","0.00738193","BTC","237.67000000","USDT","MindCapital Exchange","Compra de BTC","2021-01-26"
"Airdrop","15.00000000","FLR","","","","","2021-01-26"
"Trade","6.17600000","OMG","25.00000000","USD","","","2021-01-26"
"Trade","1.22980000","DOT2","25.00000000","USD","","","2021-01-26"
"Trade","0.18284800","ETH","1000.00000000","PLN","","","2021-01-25"
"Trade","20.79800000","NEO","504.64000000","USDT","binance","","2021-01-25"
"Trade","6.95040774","ETH","0.30091300","BTC","Coinbase","","2021-01-25"
"Trade","38.37635217","AAVE","0.30000300","BTC","Coinbase","","2021-01-25"
"Trade","0.62868300","ETHEREUM","890.00000000","USD","Etoro pd","Kauf ETH","2021-01-25"
"Trade","0.00232700","BTC","50.00000000","AUD","Binance","","2021-01-25"
"Deposit","10615000.00000000","KIN","","","HitBTC","","2021-01-25"
"Trade","100.00000000","AUD","50.00000000","AUD","","","2021-01-25"
"Income","35.33000000","ALGO","","","Uphold","","2021-01-24"
"Trade","8749.00000000","AAVE","2425.92050000","USDT","","","2021-01-24"
"Trade","1991.82000000","USDT","2000.53000000","EUR","Binance","","2021-01-24"
"Trade","24.00000000","GGC","0.00000000","0","","","2021-01-24"
"Income","1000.00000000","1000","","","","","2021-01-24"
"Trade","10070.00000000","POLY","42.00000000","LINK","Atomic wallet","","2021-01-24"
"Deposit","250.00000000","EUR","","","Kraken","","2021-01-24"
"Trade","0.03119464","BTC","0.03119464","USD","","","2021-01-24"
"Trade","0.03119464","BTC","1000.00000000","USD","","","2021-01-24"
"Trade","0.03119464","BTC","0.03119464","USD","","","2021-01-24"
"Gift/Tip","1.18669176","2GIVE","","","BTCPop.com","","2021-01-24"
"Gift/Tip","113.74866430","2X2","","","BTCPop.com","","2021-01-24"
"Gift/Tip","2.35365431","404","","","BTCPop.com","","2021-01-24"
"Gift/Tip","0.01022408","ARCO","","","BTCPop.com","","2021-01-24"
"Gift/Tip","7.32692494","ADC","","","BTCPop.com","","2021-01-24"
"Gift/Tip","1.18894929","KB3","","","BTCPop.com","","2021-01-24"
"Gift/Tip","42.56199234","BITB","","","BTCPop.com","","2021-01-24"
"Gift/Tip","0.00070061","XBC","","","BTCPop.com","","2021-01-24"
"Gift/Tip","7.04653338","BLAS","","","BTCPop.com","","2021-01-24"
"Gift/Tip","0.00347534","BLOCK","","","BTCPop.com","","2021-01-24"
"Gift/Tip","1.50538848","BOAT","","","BTCPop.com","","2021-01-24"
"Gift/Tip","0.00439793","BOST","","","BTCPop.com","","2021-01-24"
"Gift/Tip","0.02154675","CLAM","","","btc","","2021-01-24"
"Gift/Tip","0.00089882","CLOAK","","","BTCPop.com","","2021-01-24"
"Gift/Tip","0.00001151","CBX","","","BTCPop.com","","2021-01-24"
"Gift/Tip","0.00043492","ONION","","","BTCPop.com","","2021-01-24"
"Gift/Tip","8.30994803","DEM","","","BTCPop.com","","2021-01-24"
"Gift/Tip","0.00666894","DMD","","","BTCPop.com","","2021-01-24"
"Gift/Tip","6.31941606","EGC","","","BTCPop.com","","2021-01-24"
"Gift/Tip","0.19130906","EXCL","","","BTCPop.com","","2021-01-24"
"Gift/Tip","8.03768689","GRC","","","BTCPop.com","","2021-01-24"
"Gift/Tip","15.77659732","HBN","","","BTCPop.com","","2021-01-24"
"Gift/Tip","0.01351079","IC","","","BTCPop.com","","2021-01-24"
"Gift/Tip","193.87924911","NKA","","","BTCPop.com","","2021-01-24"
"Gift/Tip","0.00165992","INFX","","","BTCPop.com","","2021-01-24"
"Gift/Tip","0.00075699","IOC","","","BTCPop.com","","2021-01-24"
"Gift/Tip","50378.78037346","JMC","","","BTCPop.com","","2021-01-24"
"Gift/Tip","0.01526000","LTC","","","BTCPop.com","","2021-01-24"
"Gift/Tip","11.07982725","MINT","","","BTCPop.com","","2021-01-24"
"Gift/Tip","6.32264308","NRO","","","BTCPop.com","","2021-01-24"
"Gift/Tip","112.85726363","ODN","","","BTCPop.com","","2021-01-24"
"Gift/Tip","177.16741152","PND","","","BTCPop.com","","2021-01-24"
"Gift/Tip","0.00029154","PPC","","","BTCPop.com","","2021-01-24"
"Gift/Tip","0.04810635","PHR","","","BTCPop.com","","2021-01-24"
"Gift/Tip","0.31952617","PINK","","","BTCPop.com","","2021-01-24"
"Gift/Tip","0.28825341","PIVX","","","BTCPop.com","","2021-01-24"
"Gift/Tip","11.67487750","PKOIN","","","BTCPop.com","","2021-01-24"
"Gift/Tip","19.40024341","POT","","","BTCPop.com","","2021-01-24"
"Gift/Tip","7.93910703","RDD","","","BTCPop.com","","2021-01-24"
"Gift/Tip","0.03466352","RBY","","","BTCPop.com","","2021-01-24"
"Gift/Tip","0.03173999","SXC","","","BTCPop.com","","2021-01-24"
"Gift/Tip","129581.53255499","SPRTS","","","BTCPop.com","","2021-01-24"
"Gift/Tip","0.18219214","SLG","","","BTCPop.com","","2021-01-24"
"Gift/Tip","0.00058096","TAO","","","BTCPop.com","","2021-01-24"
"Gift/Tip","7.83329222","TESLA","","","BTCPop.com","","2021-01-24"
"Gift/Tip","0.03107571","TX","","","BTCPop.com","","2021-01-24"
"Gift/Tip","0.28250327","TRI","","","BTCPop.com","","2021-01-24"
"Gift/Tip","0.22430652","ZEIT","","","BTCPop.com","","2021-01-24"
"Gift/Tip","0.00016577","BTC","","","BTCPop.com","","2021-01-24"
"Airdrop","0.00030000","XLM","","","Ledger Live","XLM 1","2021-01-24"
"Withdrawal","","","1000.00000000","LINK","bitbay","","2021-01-23"
"Withdrawal","","","1000.00000000","LINK","bitbay","","2021-01-23"
"Withdrawal","","","2.37193519","ETH","bitbay","","2021-01-23"
"Withdrawal","","","26.00000000","LINK","Ledger Live","Ethereum 1","2021-01-23"
"Withdrawal","","","2.00002260","DASH","Ledger Live","Dash 1","2021-01-23"
"Withdrawal","","","2000.00000000","USDT","MindCapital","reembolso compra","2021-01-23"
"Trade","0.50000000","BTC","5000.00000000","EUR","bit2me","servicios","2021-01-23"
"Trade","2.37193519","ETH","21.11577683","LTC","bitbay","","2021-01-23"
"Withdrawal","","","0.10582778","BTC","Wasabi Dawn","","2021-01-22"
"Spend","","","0.02910000","ETH","Ledger","","2021-01-22"
"Deposit","20.00000000","DIS","","","MM4","MM4 Claim TosDis IDO public on ido.tosdis.finance/buy 20 DIS for 0.882 ETH ; changed 'deposit' of dis ido tokens to 'trade'","2021-01-22"
"Withdrawal","","","20.00000000","DIS","mm4 dis public ido","MM4 Claim TosDis IDO public on ido.tosdis.finance/buy 20 DIS for 0.882 ETH ; changed 'deposit' of dis ido tokens to 'trade'","2021-01-22"
"Other Fee","","","0.01095335","ETH","mm4 dis public ido","MM4: Fee : Claim TosDis IDO public on ido.tosdis.finance/buy 20 DIS for 0.882 ETH","2021-01-22"
"Trade","20.00000000","DIS","0.88200000","ETH","mm4 dis public ido","MM4 Claim TosDis IDO public on ido.tosdis.finance/buy 20 DIS for 0.882 ETH ; changed 'deposit' of dis ido tokens to 'trade'","2021-01-22"
"Trade","750.00000000","ETH","100.00000000","USD","","","2021-01-22"
"Income","91.00000000","XLM","","","Uphold","","2021-01-22"
"Deposit","800.00000000","BNT","","","Coinbase pro","","2021-01-22"
"Withdrawal","","","0.00000000","BTC","bisq","","2021-01-21"
"Trade","0.00000000","BTC","0.00000000","BTC","Kraken","","2021-01-21"
"Trade","100.00000000","CELO","230.00000000","CAD","","","2021-01-21"
"Trade","341.14000000","EUR","0.01291293","BTC","Bison","","2021-01-21"
"Deposit","1.00000000","ETH","","","","","2021-01-21"
"Withdrawal","","","13.99100000","VALUE","Gate.io","","2021-01-21"
"Deposit","0.88200000","ETH","","","mm4 dis public ido","MM4: TosDis IDO public on ido.tosdis.finance/buy 20 DIS for 0.882 ETH","2021-01-20"
"Withdrawal","","","303.75000000","USDT","MindCapital","traspaso saldo a exchange","2021-01-20"
"Airdrop","3.00000000","GPH","","","Coinbase","Vídeo lección 1","2021-01-20"
"Deposit","2000.00000000","EUR","","","Binance","","2021-01-19"
"Trade","27.50247000","ETHUP","0.85500000","ETH","","","2021-01-18"
"Trade","9000.00000000","TRX","1080.00000000","PLN","bitbay","","2021-01-17"
"Trade","300.00000000","ONT","200.77000000","USD","Crypto.com","","2021-01-17"
"Spend","","","4.83392500","ATOM2","","","2021-01-17"
"Trade","524.20000000","1INCH","0.02778260","BTC","","","2021-01-17"
"Trade","3.60000000","BNB","9000.00000000","REEF","Binance","","2021-01-17"
"Deposit","547.95999000","XRP","","","Bitfinex","","2021-01-17"
"Trade","297.00000000","OMG","3988.70000000","PLN","bitbay","","2021-01-17"
"Trade","7.00000000","LTC","3765.99000000","PLN","bitbay","","2021-01-17"
"Trade","0.17286235","BSV","0.00000000","BSV","","","2021-01-16"
"Deposit","1.82297016","ETH","","","Metamask","Manual","2021-01-16"
"Spend","","","65.00000000","USDT","","","2021-01-15"
"Trade","256.59014100","XRP","50.00000000","EURO","bsdex","","2021-01-15"
"Withdrawal","","","0.00972828","BTC","MInd Capital","Manual","2021-01-15"
"Deposit","3.00184589","BTC","","","","","2021-01-15"
"Trade","0.33731700","ETH","300.00000000","GBP","","","2021-01-15"
"Deposit","0.00066800","BTC","","","","","2021-01-15"
"Income","0.00066800","BTC","","","","","2021-01-15"
"Income","0.02730000","ETH","","","","","2021-01-15"
"Trade","19450.40000000","RSR","755.77000000","USD","Metamask","","2021-01-15"
"Trade","4.16000000","DOT","50.00000000","USDT","","","2021-01-15"
"Staking","1120.00000000","YETI","","","","","2021-01-14"
"Deposit","755.77000000","USD","","","cex.io","","2021-01-14"
"Trade","60.59848480","UNI2","400.00000000","USD","Coinbase","Purchase from Huntington Bank","2021-01-14"
"Deposit","0.30518491","BTC","","","","","2021-01-14"
"Trade","150.00000000","EUR","0.00000000","0","Kraken","","2021-01-14"
"Deposit","150000.00000000","IDR","","","","","2021-01-13"
"Trade","11176.00000000","BTC","300.00000000","EUR","","","2021-01-11"
"Withdrawal","","","2205.75221200","XRP","Z BitBay","","2021-01-11"
"Deposit","2500.00000000","PLN","","","BitBay","","2021-01-11"
"Deposit","2.04000000","EUR","","","Bitpanda","","2021-01-11"
"Other Fee","","","5.82555074","ALGO","Binance","Fee for early redemption of POS Staking","2021-01-11"
"Trade","10.00000000","LTC","4860.00000000","PLN","bitbay","","2021-01-10"
"Deposit","780.00000000","USDT","","","Mahdokht Wallet","","2021-01-09"
"Withdrawal","","","0.03159218","BTC","Trezor","","2021-01-09"
"Deposit","20.00000000","PLN","","","","","2021-01-09"
"Deposit","700.00000000","GBP","","","Kraken","Einzahlung von EUR","2021-01-08"
"Trade","269.19900000","EUR","1066.50000000","XLM","Kraken","Kraken","2021-01-08"
"Trade","0.10776293","ETH","0.00000000","PLN","","","2021-01-07"
"Trade","0.95100000","ETH","0.10000000","EAS","","","2021-01-07"
"Deposit","0.00100000","BTC","","","","","2021-01-06"
"Trade","1937.06100000","USDT","100.00000000","NEO","BINANCE","","2021-01-06"
"Trade","16000.00000000","USD","1.00000000","BTC","","","2021-01-06"
"Trade","0.40386677","ETH","375.00000000","EUR","Bitstamp","Airbnb pre-deposit","2021-01-06"
"Mining","0.00123000","XMR","","","","","2021-01-05"
"Trade","0.22257500","BTC","22500.00000000","EUR","","","2021-01-04"
"Trade","213134.00000000","BTC","43242342.00000000","USD","","","2021-01-04"
"Trade","0.00000000","BTC","0.00000000","BRL","novadax","","2021-01-04"
"Income","0.00000000","ADA","","","novadax","","2021-01-03"
"Staking","1.75100000","DOT2","","","Crypto.com Exchange","","2021-01-01"
"Interest Income","97.49502109","XLM","","","Nexo","total sum for 2020, not daily","2020-12-31"
"Withdrawal","","","10500.00000000","USD","Tor","","2020-12-31"
"Deposit","0.00860000","BTC","","","Sina Wallet","","2020-12-31"
"Income","8423.69000000","USDT","","","MindCapital","Rendimientos 2020","2020-12-31"
"Income","144.00000000","USDT","","","MindCapital","Referidos MindCapital 2020","2020-12-31"
"Other Fee","","","0.00009736","BNB","Binance","","2020-12-31"
"Trade","0.06000000","AAVE","0.00016740","BTC","Binance","","2020-12-31"
"Other Fee","","","0.00009877","BNB","Binance","","2020-12-31"
"Trade","0.00016616","BTC","248.00000000","VET","Binance","","2020-12-31"
"Other Fee","","","0.00017448","BNB","Binance","","2020-12-31"
"Trade","0.00029785","BTC","115.00000000","ZIL","Binance","","2020-12-31"
"Other Fee","","","0.00016276","BNB","Binance","","2020-12-31"
"Trade","0.00027792","BTC","0.70000000","LINK","Binance","","2020-12-31"
"Other Fee","","","0.00023139","BNB","Binance","","2020-12-31"
"Trade","11.56161596","USDT","0.00040100","BTC","Binance","","2020-12-31"
"Other Fee","","","0.00015604","BNB","Binance","","2020-12-31"
"Gift/Tip","100.00000000","TWT","","","Binance","Airdrop","2020-12-31"
"Other Fee","","","0.00010010","BNB","Binance","","2020-12-29"
"Trade","248.00000000","VET","0.00018848","BTC","Binance","","2020-12-29"
"Other Fee","","","0.00015598","BNB","Binance","","2020-12-29"
"Other Fee","","","0.00015835","BNB","Binance","","2020-12-29"
"Trade","0.70000000","LINK","0.00029845","BTC","Binance","","2020-12-29"
"Other Fee","","","0.00016004","BNB","Binance","","2020-12-29"
"Other Fee","","","0.00070827","BNB","Binance","","2020-12-29"
"Trade","446.00000000","ZIL","0.00133354","BTC","Binance","","2020-12-29"
"Trade","6.00000000","UNI2","0.00080244","BTC","Binance","","2020-12-29"
"Other Fee","","","0.00319205","BNB","Binance","","2020-12-29"
"Trade","0.00601230","BTC","2.10000000","AAVE","Binance","","2020-12-29"
"Other Fee","","","0.00274014","BNB","Binance","","2020-12-29"
"Trade","138.59775600","USDT","1.80100000","AAVE","Binance","","2020-12-29"
"Other Fee","","","0.00115059","BNB","Binance","","2020-12-29"
"Trade","58.19791100","USDT","5.11900000","ZEN","Binance","","2020-12-29"
"Income","368.14000000","DOT","","","Kraken","","2020-12-29"
"Withdrawal","","","200.00000000","XRP","Crypto.com","XRP Deposit","2020-12-28"
"Deposit","200.00000000","XRP","","","Celsius","XRP Deposit","2020-12-28"
"Mining","0.09960301","XMR","","","Kraken","","2020-12-26"
"Mining","100.00000000","PAC2","","","","Wallet staking","2020-12-26"
"Withdrawal","","","1444.93476100","XRP","Z BitBay","","2020-12-26"
"Trade","2.00000000","XRP","5000.00000000","XRP","","","2020-12-25"
"Mining","8280.00000000","PAC2","","","","Masternode block reward","2020-12-25"
"Trade","17028.30000000","USDT","0.72100000","BTC","Kraken","Intercambio","2020-12-25"
"Deposit","800.00000000","PLN","","","BitBay","","2020-12-24"
"Mining","100.00000000","PAC2","","","","Wallet staking","2020-12-24"
"Mining","100.00000000","PAC2","","","","Wallet staking","2020-12-24"
"Trade","5461.00000000","USDT","0.23000000","BTC","Kraken","Intercambio","2020-12-24"
"Deposit","200.00000000","GRT","","","","","2020-12-23"
"Deposit","500.00000000","EUR","","","Bitpanda Pro","","2020-12-22"
"Income","1000.00000000","EUR","","","","","2020-12-22"
"Trade","3106.00000000","USD","1047.60000000","EOS","coinbasepro","manualinput","2020-12-21"
"Deposit","1200.00000000","PLN","","","BitBay","","2020-12-21"
"Deposit","103.27062600","SUSHI","","","binance.com","","2020-12-20"
"Trade","458.37000000","FIO","50.00000000","AUD","binance","","2020-12-19"
"Trade","42.93341700","XTZ","100.00000000","USD","","","2020-12-19"
"Trade","11448.30000000","USDT","0.49900000","BTC","Kraken","Intercambio","2020-12-19"
"Trade","11468.00000000","USDT","0.49900000","BTC","Kraken","Intercambio","2020-12-19"
"Trade","5771.40000000","USDT","0.24900000","BTC","Kraken","Intercambio","2020-12-18"
"Trade","5781.20000000","USDT","0.25000000","BTC","Kraken","Intercambio","2020-12-18"
"Trade","5000.00000000","POWR","250.00000000","EUR","","","2020-12-17"
"Deposit","0.03686766","ETH","","","Zerion","","2020-12-17"
"Withdrawal","","","0.34236050","ETH","Graviex","","2020-12-17"
"Trade","10000.00000000","MXN","0.02316891","BTC","","","2020-12-16"
"Trade","100.00000000","MXN","0.00023115","BTC","","","2020-12-16"
"Withdrawal","","","0.40029000","ETH","binance cristian","exodus","2020-12-16"
"Trade","678.85000000","USD","0.03000000","BTC","Binance","","2020-12-15"
"Deposit","1611.29000000","VXG","","","","","2020-12-14"
"Trade","1.50000000","ZIL","3.00000000","USD","Trust","","2020-12-14"
"Staking","0.12672400","XTZ","","","Ledger Live","Tezos 1","2020-12-14"
"Trade","0.01539000","WBTC","0.50000000","ETH","monolith","","2020-12-13"
"Deposit","316000.00000000","FLR","","","","","2020-12-13"
"Reward / Bonus","0.06667867","FIL","","","Coinbase","","2020-12-12"
"Reward / Bonus","0.06679157","FIL","","","Coinbase","","2020-12-12"
"Reward / Bonus","0.06676214","FIL","","","Coinbase","","2020-12-12"
"Trade","80.51535400","XRP","35.93000000","EUR","BISON","","2020-12-11"
"Staking","0.15402600","XTZ","","","Ledger Live","Tezos 1","2020-12-11"
"Deposit","1000.00000000","USD","","","Coinbase Pro","","2020-12-11"
"Deposit","5.00000000","ETH","","","Robinhood  - Liz","","2020-12-11"
"Withdrawal","","","777.54900000","XRP","Trezor Wallet","Transferred XRP to Binance US","2020-12-10"
"Deposit","48.00000000","XRP","","","","","2020-12-10"
"Trade","250.00000000","USDT","0.02300000","BTC","Quamfury","","2020-12-08"
"Deposit","100.00000000","BTC","","","","","2020-12-08"
"Withdrawal","","","0.03700000","ETH","0x167 Ethereumgold","","2020-12-08"
"Other Fee","","","0.01324064","DASH","Binance","Fee for early redemption of POS Staking","2020-12-08"
"Other Fee","","","30.14965248","TRX","Binance","Fee for early redemption POS Staking","2020-12-08"
"Trade","3483.40000000","ZIL","100.00000000","EUR","Binance","","2020-12-07"
"Trade","115.68178794","LINK","2100.00000000","AUD","Coinspot","","2020-12-07"
"Trade","1969.00000000","USDT","1771.00000000","CHF","Kraken","","2020-12-06"
"Trade","167000.00000000","THXC","1670000.00000000","TCH","","","2020-12-06"
"Staking","2100.00000000","MATIC","","","matic network","","2020-12-05"
"Deposit","0.24245558","LTC","","","","","2020-12-04"
"Deposit","114942.00000000","VET","","","SYNC App","","2020-12-04"
"Deposit","0.08933989","LTC","","","","","2020-12-04"
"Withdrawal","","","244.10000000","XRP","Abra","Moved XRP Off Abra and paid 1 XRP withdrawal fee","2020-12-03"
"Withdrawal","","","1000.00000000","USD","Coin base","1000 de coin","2020-12-03"
"Reward / Bonus","400.00000000","USDT","","","Binance","","2020-12-03"
"Deposit","6.59000000","ETH","","","","","2020-12-02"
"Deposit","162.07000000","NXS","","","Bittrex","","2020-12-01"
"Deposit","5000000.00000000","XRP","","","","","2020-12-01"
"Deposit","3.92000000","LN","","","","","2020-12-01"
"Withdrawal","","","150.00000000","EUR","bank","","2020-12-01"
"Trade","4500.00000000","GUSD","4500.00000000","USD","Gemini","(API did not process this trade)","2020-12-01"
"Trade","1.17931100","ETH","11000.00000000","ZAR","","","2020-11-30"
"Withdrawal","","","520.00000000","USDT","MindCapital","traspaso saldo a exchange","2020-11-30"
"Trade","0.67155850","ETH","427.36000000","EUR","","","2020-11-26"
"Withdrawal","","","49.08540000","BTG","Gate.io","","2020-11-24"
"Trade","1138.20000000","ROSE","52.98321000","USDT","","","2020-11-24"
"Withdrawal","","","0.10320376","ETH","0xac64","ETH transfer 0x167","2020-11-23"
"Deposit","0.10000000","ETH","","","0x167 Ethereumgold","ETH from 0xac64","2020-11-23"
"Deposit","0.04700000","ETH","","","binance cristian","exodus","2020-11-22"
"Withdrawal","","","0.04831250","ETH","exodus","binance cristian","2020-11-22"
"Deposit","0.15000000","ETH","","","binance cristian","exodus","2020-11-22"
"Withdrawal","","","0.15131250","ETH","exodus","binance cristian","2020-11-22"
"Deposit","0.06020529","LTC","","","","","2020-11-21"
"Trade","300.00000000","EUR","0.00000000","EUR","","","2020-11-21"
"Withdrawal","","","186.78000000","ONT","Voyager","","2020-11-21"
"Deposit","7146.79158200","USDT","","","Wallet","","2020-11-20"
"Other Fee","","","0.01008400","XTZ","Ledger Live","Change Delgeation","2020-11-20"
"Trade","37418446.00000000","INNBC","8.98042704","USDT","BigOne","","2020-11-17"
"Trade","43254151.00000000","INNBC","9.94845473","USDT","BigOne","","2020-11-17"
"Deposit","0.55413900","ETH","","","binance cristian","exodus","2020-11-16"
"Withdrawal","","","0.55532025","ETH","exodus","binance cristian","2020-11-16"
"Gift","","","0.00550000","BTC","Kraken","Sent to Mom","2020-11-16"
"Spend","","","10055.00000000","NCASH","Binance","Sold NCASH","2020-11-15"
"Trade","1826.14727700","MASQ","73045.89107755","SUB","MEW","400:1 swap","2020-11-13"
"Withdrawal","","","2000.00000000","ZIL","Gate.io","","2020-11-07"
"Trade","2117.27083000","XRP","8249.00000000","XRP","","manuell","2020-11-06"
"Trade","0.06724368","BTC","1045.50000000","USDT","MindCapital Exchange","Compra BTC","2020-11-06"
"Withdrawal","","","0.06707178","BTC","MindCapital Exchange","Traspaso a Crypto","2020-11-06"
"Withdrawal","","","1080.00000000","USDT","MindCapital","reembolso compra","2020-11-06"
"Trade","126.92270000","WHALE","600.42184900","USDT","Uniswap","MetaMask A10 B only (händisch eingetragen)","2020-11-06"
"Trade","0.15672534","BTC","0.00000000","EUR","","","2020-11-05"
"Deposit","83168.00000000","CRO","","","Crypto.com","CRO Anzahl und Wert gemittelt über alle Käufe von August bis Heute aus meiner Excel","2020-11-04"
"Trade","12458.00000000","ONE","26.47325000","USDT","BigOne","","2020-11-02"
"Trade","36834523.00000000","INNBC","7.36690460","USDT","BigOne","","2020-11-02"
"Trade","30000000.00000000","INNBC","3.00000000","USDT","BigOne","","2020-11-02"
"Trade","30000000.00000000","INNBC","3.00000000","USDT","BigOne","","2020-11-02"
"Trade","55000000.00000000","INNBC","8.80000000","USDT","BigOne","","2020-11-02"
"Trade","55000000.00000000","INNBC","8.80000000","USDT","BigOne","","2020-11-02"
"Trade","2.00000000","XRP","2.00000000","BTC","","","2020-11-01"
"Deposit","0.10693400","LTC","","","","","2020-10-31"
"Deposit","10000.00000000","USD","","","Coinbase Pro","","2020-10-31"
"Withdrawal","","","0.02539000","ETH","0x5098","Splinterlands","2020-10-27"
"Withdrawal","","","0.05000000","ETH","0xf97d","ETH transfer 0x5098","2020-10-26"
"Deposit","1.50000000","ETH","","","Piglet","from Exodus","2020-10-25"
"Withdrawal","","","4657.50000000","STMX","Voyager","","2020-10-23"
"Trade","33184.92000000","PREGRT","2.62000000","ETH","TheGraph: Crowdsale","MetaMask A10 B only (händisch eingetragen)","2020-10-23"
"Trade","6533.30000000","USDT","0.49800000","BTC","Kraken","Intercambio","2020-10-22"
"Trade","589.42000000","USDT","1.41000000","ETH","Kraken","Intercambio","2020-10-22"
"Trade","23.06000000","USDT","0.05800000","ETH","Kraken","Intercambio","2020-10-21"
"Margin Loss","","","1.86013982","BTC","Phemex","","2020-10-20"
"Trade","6908002.00000000","INNBC","27.63200800","USDT","BigOne","","2020-10-19"
"Trade","1033002.00000000","INNBC","4.13200800","USDT","BigOne","","2020-10-19"
"Staking","0.36915800","TRX","","","Ledger","","2020-10-17"
"Staking","14.79465800","TRX","","","","","2020-10-10"
"Withdrawal","","","0.20078000","BTC","Kraken","","2020-10-02"
"Other Fee","","","0.00050000","BTC","Kraken","","2020-10-02"
"Withdrawal","","","1.94619364","ETH","TRUSTWALLET","transfert 1,94619364 ETH de Coinsquare vers TRUSTWALLET 9894 DCASH","2020-10-01"
"Trade","0.45376331","ETH","0.01513768","BTC","","","2020-09-27"
"Withdrawal","","","0.56950000","BTC","Kraken","","2020-09-24"
"Other Fee","","","0.00050000","BTC","Kraken","","2020-09-24"
"Withdrawal","","","3192.64586521","LOAD","ETH Transaction","to LOAD Network","2020-09-23"
"Withdrawal","","","3.00225750","ETH","Exodus","to Metamask","2020-09-23"
"Trade","115.00000000","LOAD","0.36586074","ETH","LOAD Network","Minted 115 LOAD","2020-09-19"
"Trade","115.00000000","LOAD","0.36586074","ETH","LOAD Network","Minted 115 LOAD","2020-09-19"
"Deposit","0.36586074","ETH","","","LOAD Network","to mint 115 LOAD","2020-09-19"
"Withdrawal","","","0.39612375","ETH","Exodus","to Metamask","2020-09-19"
"Trade","150.00000000","PPT","6.16000000","AUD","","","2020-09-18"
"Deposit","0.36586074","ETH","","","LOAD Network","to mint 115 LOAD","2020-09-14"
"Trade","182319.69000000","USDT","29219.26000000","SNX","","","2020-09-12"
"Trade","1815.03400000","USDC","1814.92570000","USDT","exodus","","2020-09-12"
"Deposit","2.50000000","ETH","","","KuCoin","","2020-09-06"
"Withdrawal","","","576.97289400","XLM","KuCoin","?","2020-09-03"
"Deposit","4123.00000000","XLM","","","KuCoin","from Coinbase","2020-09-03"
"Withdrawal","","","4123.00000000","XLM","Coinbase","to Kucoin","2020-09-03"
"Deposit","4123.00000000","XLM","","","Coinbase","from Coinbase Pro","2020-09-03"
"Withdrawal","","","4123.00000000","XLM","Coinbase Pro","to Coinbase","2020-09-03"
"Withdrawal","","","0.25822000","BTC","Kraken","","2020-09-03"
"Other Fee","","","0.00050000","BTC","Kraken","","2020-09-03"
"Withdrawal","","","3.60109593","ETH","CoinSmart","to Exodus","2020-08-31"
"Deposit","2672.11086200","TRX","","","","","2020-08-25"
"Deposit","9554.31000000","SNT","","","kucoin","","2020-08-20"
"Reward / Bonus","115.22000000","BAT","","","Crypto.com Exchange","","2020-08-20"
"Withdrawal","","","0.06344000","BTC","Kraken","to Exodus","2020-08-18"
"Deposit","6675.00000000","VTHO","","","atomic wallet","","2020-08-17"
"Trade","88.00000000","EWT","2.67597109","ETH","Metamask","SWAP Trade","2020-08-07"
"Withdrawal","","","0.72022000","BTC","Kraken","","2020-08-05"
"Other Fee","","","0.00050000","BTC","Kraken","","2020-08-05"
"Withdrawal","","","2295397.99800400","XCASH","Graviex","","2020-07-29"
"Trade","200000.00000000","XCASH","0.01720000","ETH","Graviex","","2020-07-23"
"Trade","60708.93170000","XCASH","0.00540309","ETH","Graviex","","2020-07-23"
"Trade","1939291.06830000","XCASH","0.17259691","ETH","Graviex","","2020-07-23"
"Withdrawal","","","598798.00199600","XCASH","Graviex","","2020-07-21"
"Trade","0.00200000","XCASH","0.00000000","ETH","Graviex","","2020-07-20"
"Trade","200000.00000000","XCASH","0.01820000","ETH","Graviex","","2020-07-20"
"Trade","52303.73300000","XCASH","0.00517807","ETH","Graviex","","2020-07-18"
"Trade","100000.00000000","XCASH","0.01000000","ETH","Graviex","","2020-07-18"
"Trade","0.02840000","XCASH","0.00000000","ETH","Graviex","","2020-07-16"
"Trade","100000.00000000","XCASH","0.01000000","ETH","Graviex","","2020-07-16"
"Trade","100000.00000000","XCASH","0.01100000","ETH","Graviex","","2020-07-16"
"Withdrawal","","","2816654.59760000","XCASH","Graviex","","2020-07-13"
"Trade","200000.00000000","XCASH","0.02620000","ETH","Graviex","","2020-07-13"
"Trade","1115141.48570000","XCASH","0.16838636","ETH","Graviex","","2020-07-13"
"Trade","0.21430000","XCASH","0.00000003","ETH","Graviex","","2020-07-13"
"Trade","199999.78570000","XCASH","0.02999997","ETH","Graviex","","2020-07-13"
"Trade","0.21430000","XCASH","0.00000003","ETH","Graviex","","2020-07-13"
"Trade","87098.30270000","XCASH","0.01062599","ETH","Graviex","","2020-07-13"
"Trade","58632.65240000","XCASH","0.00715318","ETH","Graviex","","2020-07-13"
"Trade","39055.80360000","XCASH","0.00476481","ETH","Graviex","","2020-07-13"
"Trade","0.00790000","XCASH","0.00000000","ETH","Graviex","","2020-07-13"
"Trade","0.48570000","XCASH","0.00000006","ETH","Graviex","","2020-07-13"
"Trade","0.24770000","XCASH","0.00000003","ETH","Graviex","","2020-07-13"
"Trade","31431.00000000","XCASH","0.00361457","ETH","Graviex","","2020-07-13"
"Trade","0.01950000","XCASH","0.00000000","ETH","Graviex","","2020-07-13"
"Trade","31494.23630000","XCASH","0.00374781","ETH","Graviex","","2020-07-13"
"Trade","0.01160000","XCASH","0.00000000","ETH","Graviex","","2020-07-13"
"Trade","0.75210000","XCASH","0.00000009","ETH","Graviex","","2020-07-13"
"Trade","60149.24780000","XCASH","0.00709761","ETH","Graviex","","2020-07-13"
"Trade","0.75220000","XCASH","0.00000009","ETH","Graviex","","2020-07-13"
"Trade","121558.51080000","XCASH","0.01422235","ETH","Graviex","","2020-07-13"
"Trade","100000.00000000","XCASH","0.01170000","ETH","Graviex","","2020-07-13"
"Trade","0.48920000","XCASH","0.00000006","ETH","Graviex","","2020-07-13"
"Trade","97346.00000000","XCASH","0.01129214","ETH","Graviex","","2020-07-13"
"Trade","129.61460000","XCASH","0.00001491","ETH","Graviex","","2020-07-13"
"Trade","50000.00000000","XCASH","0.00575000","ETH","Graviex","","2020-07-13"
"Trade","0.36590000","XCASH","0.00000004","ETH","Graviex","","2020-07-13"
"Trade","4692.37430000","XCASH","0.00053493","ETH","Graviex","","2020-07-13"
"Trade","196328.87020000","XCASH","0.02198883","ETH","Graviex","","2020-07-13"
"Trade","0.12980000","XCASH","0.00000001","ETH","Graviex","","2020-07-13"
"Trade","29239.00000000","XCASH","0.00324553","ETH","Graviex","","2020-07-13"
"Trade","25000.00000000","XCASH","0.00277500","ETH","Graviex","","2020-07-13"
"Trade","75000.00000000","XCASH","0.00832500","ETH","Graviex","","2020-07-13"
"Spend","","","0.00000002","ETH","Domain claim","worldleadership","2020-07-11"
"Deposit","0.99700000","ETH","","","Graviex","","2020-07-10"
"Withdrawal","","","0.99450939","ETH","","","2020-07-03"
"Withdrawal","","","0.99450939","ETH","Graviex","","2020-07-03"
"Withdrawal","","","548789.58237700","NPXS","","","2020-07-03"
"Withdrawal","","","548789.58237700","NPXS","Graviex","","2020-07-03"
"Trade","209225.00000000","NPXS","0.18830250","ETH","Graviex","","2020-07-02"
"Trade","340764.56150000","NPXS","0.30668811","ETH","Graviex","","2020-07-02"
"Income","0.01247844","BTC","","","Crypto.com Exchange","","2020-07-01"
"Withdrawal","","","29.99900000","LTC","Trezor","","2020-06-30"
"Withdrawal","","","24949000.00000000","DCN","Graviex","","2020-06-24"
"Trade","25000000.00000000","DCN","0.50000000","ETH","Graviex","","2020-06-23"
"Deposit","1.99500000","ETH","","","Graviex","","2020-06-23"
"Gift/Tip","0.01129000","BCH","","","","","2020-06-17"
"Withdrawal","","","600.00000000","USDT","NEXO","NXTDittGBel3S","2020-06-08"
"Deposit","50.00000000","EUR","","","BisonApp","Einzahlung Euro","2020-06-02"
"Staking","158.00000000","ICX","","","Crypto.com Exchange","","2020-05-27"
"Income","0.00073990","BTC","","","Crypto.com Exchange","","2020-05-13"
"Income","0.00006235","BTC","","","Crypto.com Exchange","","2020-05-13"
"Deposit","504.02116800","USDT","","","","To BitMax","2020-05-12"
"Deposit","1707.99000000","XLM","","","Wallet","","2020-04-27"
"Deposit","1238.00000000","EUR","","","Kraken","banco","2020-04-27"
"Withdrawal","","","7.23225200","ETH","exodus","kuailian","2020-04-20"
"Deposit","400.00000000","BTC","","","","","2020-04-01"
"Trade","2142.35500000","MIOTA","2.15480208","ETH","Binance","","2020-03-24"
"Withdrawal","","","2142.35500000","MIOTA","Binance","Wallet","2020-03-24"
"Withdrawal","","","0.59255216","BTC","Wallet","","2020-03-22"
"Trade","0.00330043","BTC","99.99000000","PLN","BitBay","","2020-03-11"
"Withdrawal","","","0.00578619","BTC","Graviex","","2020-03-10"
"Other Fee","","","0.00663500","XTZ","Ledger Live","Start delegation PayTezos","2020-02-28"
"Other Fee","","","0.00663500","XTZ","Ledger Live","MyTezos","2020-02-28"
"Deposit","0.00618619","BTC","","","Graviex","","2020-02-27"
"Deposit","1.00000000","ETH","","","","","2020-02-14"
"Deposit","1.00000000","EUR","","","Coinbase","Ingreso caixa rural","2020-02-14"
"Trade","0.10000000","BTC","0.00000000","BTC","ABC","","2020-02-12"
"Withdrawal","","","1711.64031127","PAX","Bittrex","Retrait Bittrex","2020-02-05"
"Deposit","50.00000000","EUR","","","BisonApp","Einzahlung Euro","2020-02-04"
"Spend","","","5000.00000000","NCASH","Binance","Sold NCASH","2020-02-02"
"Withdrawal","","","1970.20000000","USD","Coinbase","","2020-02-01"
"Trade","2005.99200000","MIOTA","2.59830126","ETH","Binance","","2020-01-04"
"Withdrawal","","","2005.99200000","IOTA","Binance","Wallet","2020-01-04"
"Trade","2005.49200000","MIOTA","2.59765362","ETH","Binance","","2020-01-04"
"Withdrawal","","","2005.49200000","MIOTA","Binance","Wallet","2020-01-04"
"Trade","100.00000000","LEND","0.00023836","BTC","Binance US","","2020-01-03"
"Deposit","7773.00000000","USD","","","Rev","Ajustement USD","2020-01-01"
"Trade","0.00016673","BTC","1.50000000","LUN","Binance US","","2019-12-31"
"Other Income","0.79480277","USDT","","","Binance-1","","2019-12-31"
"Income (non taxable)","3.46845157","USDT","","","Binance-1","","2019-12-27"
"Income (non taxable)","1.57844544","USDT","","","Binance-1","","2019-12-27"
"Income (non taxable)","0.17412277","USDT","","","Binance-1","","2019-12-26"
"Income (non taxable)","0.00034056","USDT","","","Binance-1","","2019-12-20"
"Income (non taxable)","0.59023779","USDT","","","Binance-1","","2019-12-18"
"Income (non taxable)","0.52851782","USDT","","","Binance-1","","2019-12-17"
"Income (non taxable)","0.05817874","USDT","","","Binance-1","","2019-12-17"
"Deposit","333161.00000000","USD","","","coinbase","","2019-12-17"
"Deposit","0.00000000","ALGO","","","coinbase","","2019-12-17"
"Income (non taxable)","0.38097703","USDT","","","Binance-1","","2019-12-16"
"Income (non taxable)","0.14375182","USDT","","","Binance-1","","2019-12-15"
"Income (non taxable)","0.07076800","USDT","","","Binance-1","","2019-12-14"
"Withdrawal","","","1477.65000000","USD","Coinbase","","2019-12-09"
"Withdrawal","","","1.99000000","ETH","Binance","bought on Binance, BTC 0.0438978, fees in BNB 0.01682973","2019-10-07"
"Trade","311513.17500000","VET","5.94990164","ETH","Binance","","2019-10-03"
"Withdrawal","","","311513.17500000","VET","Binance","Wallet","2019-10-03"
"Trade","3943.05300000","ADA","1.41949908","ETH","Binance","","2019-10-03"
"Withdrawal","","","3943.05300000","ADA","Binance","Wallet","2019-10-03"
"Trade","1973.02500000","MIOTA","3.15455129","ETH","Binance","","2019-10-03"
"Withdrawal","","","1973.02500000","MIOTA","Binance","Wallet","2019-10-03"
"Trade","311513.17500000","VET","5.94990164","ETH","Binance","","2019-10-03"
"Withdrawal","","","311513.17500000","VET","Binance","Wallet","2019-10-03"
"Trade","3943.05300000","ADA","0.89755715","ETH","Binance","","2019-10-03"
"Withdrawal","","","848.99128246","XRP","Bitbuy","855.4068337 XRP, less 6.41555125 = 848.99128246, 0.02 ledger fee","2019-10-02"
"Trade","848.99128246","XRP","300.00000000","CAD","Bitbuy","held on BB / $300, gross 855.40683371,","2019-10-01"
"Withdrawal","","","11450.53800000","ADA","Binance","Wallet","2019-08-03"
"Trade","1998.00000000","VET","0.04215780","ETH","Binance","","2019-08-03"
"Withdrawal","","","1998.00000000","ADA","Binance","Wallet","2019-08-03"
"Trade","11450.53800000","ADA","3.12834426","ETH","Binance","","2019-08-03"
"Withdrawal","","","11450.53800000","ADA","Binance","Wallet","2019-08-03"
"Trade","1998.00000000","VET","0.04837158","ETH","Binance","","2019-08-03"
"Withdrawal","","","1998.00000000","VET","Binance","Wallet","2019-08-03"
"Trade","7308.68400000","ADA","1.81255363","ETH","Binance","","2019-07-13"
"Withdrawal","","","7308.68400000","ADA","Binance","Wallet","2019-07-13"
"Trade","99398.50200000","VET","2.40047382","ETH","Binance","","2019-07-13"
"Withdrawal","","","99398.50200000","VET","Binance","Wallet","2019-07-13"
"Trade","3182.81400000","MIOTA","4.07307890","ETH","Binance","","2019-07-13"
"Withdrawal","","","3182.81400000","MIOTA","Binance","","2019-07-13"
"Deposit","1000.00000000","EUR","","","Kraken","","2019-05-27"
"Spend","","","1162.36000000","EUR","Bitpanda","","2019-05-21"
"Trade","5.10816193","ETH","1162.36000000","EUR","Bitpanda","","2019-05-21"
"Deposit","0.00000000","BTC","","","kraken","","2019-05-21"
"Deposit","38.53112600","XMR","","","MyMonero wallet","had to query wallet to see it","2019-04-08"
"Deposit","6230.00000000","SYS","","","bittrex","","2019-04-08"
"Withdrawal","","","0.20230000","BTC","wirex","","2019-02-28"
"Trade","550.00000000","EUR","0.16238700","BTC","wirex","","2019-02-20"
"Trade","80.00000000","EUR","0.16238700","BTC","wirex","","2019-02-20"
"Trade","50.00000000","EUR","0.01473100","BTC","wirex","","2019-02-19"
"Trade","0.02500000","BTC","80.79000000","BTC","wirex","","2019-02-19"
"Withdrawal","","","0.02493300","BTC","wirex","","2019-02-12"
"Trade","735.35000000","EUR","0.23596900","BTC","wirex","","2019-02-08"
"Trade","210.25000000","EUR","1000.00000000","IOT","Bitpanda","Position ausgestoppt","2019-02-06"
"Trade","8602.75000000","EUR","40000.00000000","IOT","Bitpanda","Position ausgestoppt","2019-02-06"
"Trade","10854.16000000","EUR","50000.00000000","IOT","Bitpanda","Position ausgestoppt","2019-02-06"
"Withdrawal","","","0.03600000","BTC","wirex","","2019-02-05"
"Trade","100.00000000","EUR","0.03399600","BTC","wirex","","2019-02-02"
"Trade","5.00000000","EUR","0.00164100","BTC","wirex","","2019-01-27"
"Trade","25.00000000","EUR","0.00821200","BTC","wirex","","2019-01-27"
"Trade","112.00000000","EUR","0.03669400","BTC","wirex","","2019-01-27"
"Trade","100.00000000","EUR","0.03279900","BTC","wirex","","2019-01-27"
"Trade","6.00000000","EUR","0.00193600","BTC","wirex","","2019-01-24"
"Trade","18.00000000","EUR","0.00580800","BTC","wirex","","2019-01-24"
"Trade","100.00000000","EUR","0.03243300","BTC","wirex","","2019-01-24"
"Trade","14.00000000","EUR","0.00463500","BTC","wirex","","2019-01-21"
"Trade","27.00000000","EUR","0.00883700","BTC","wirex","","2019-01-21"
"Trade","34.00000000","EUR","0.01063800","BTC","wirex","","2019-01-19"
"Trade","35.00000000","EUR","0.01095300","BTC","wirex","","2019-01-19"
"Trade","31.00000000","EUR","0.00969800","BTC","wirex","","2019-01-19"
"Trade","52.00000000","EUR","0.01632500","BTC","wirex","","2019-01-19"
"Trade","120.00000000","EUR","0.03854800","BTC","wirex","","2019-01-17"
"Trade","2978.01900000","ADA","1.09888901","ETH","Binance","","2019-01-17"
"Withdrawal","","","1.09888901","ETH","Binance","Wallet","2019-01-17"
"Trade","2425.21000000","EUR","10000.00000000","IOT","Bitpanda","Position ausgestoppt","2019-01-14"
"Trade","4857.23000000","EUR","20000.00000000","IOT","Bitpanda","Position ausgestoppt","2019-01-13"
"Trade","2423.25000000","EUR","10000.00000000","IOT","Bitpanda","Position ausgestoppt","2019-01-13"
"Trade","10.00000000","EUR","0.00332800","BTC","wirex","","2019-01-13"
"Trade","47.00000000","EUR","0.01564000","BTC","wirex","","2019-01-13"
"Trade","230.00000000","EUR","0.06702000","BTC","wirex","","2019-01-07"
"Trade","75.00000000","EUR","0.02182500","BTC","wirex","","2019-01-07"
"Trade","60.00000000","EUR","0.01747200","BTC","wirex","","2019-01-07"
"Trade","50.00000000","EUR","0.01454500","BTC","wirex","","2019-01-07"
"Trade","90.00000000","EUR","0.02733000","BTC","wirex","","2019-01-04"
"Trade","1500.00000000","EUR","0.46124100","BTC","wirex","","2019-01-04"
"Trade","3.25000000","EUR","0.00100000","BTC","wirex","","2018-12-31"
"Trade","300.00000000","EUR","0.09221100","BTC","wirex","","2018-12-31"
"Trade","0.32491700","BTC","3323.00000000","XRP","wirex","","2018-12-28"
"Trade","18.65000000","EUR","0.00605800","BTC","wirex","","2018-12-27"
"Trade","168.77000000","EUR","0.05483600","BTC","wirex","","2018-12-27"
"Trade","38.75000000","EUR","0.01257100","BTC","wirex","","2018-12-27"
"Trade","232.00000000","EUR","0.07515200","BTC","wirex","","2018-12-27"
"Trade","42.42000000","EUR","0.01316900","BTC","wirex","","2018-12-25"
"Trade","157.00000000","EUR","0.04604300","BTC","wirex","","2018-12-23"
"Trade","295.00000000","EUR","0.08635000","BTC","wirex","","2018-12-23"
"Trade","3.43000000","EUR","0.00100000","BTC","wirex","","2018-12-23"
"Spend","","","50.00000000","EUR","wirex","DC","2018-12-22"
"Reward / Bonus","0.00007157","BTC","","","wirex","","2018-12-22"
"Trade","50.00000000","EUR","0.01489700","BTC","wirex","","2018-12-22"
"Spend","","","70.00000000","EUR","wirex","DC","2018-12-19"
"Reward / Bonus","0.00010649","BTC","","","wirex","DC","2018-12-19"
"Trade","70.00000000","EUR","0.02209300","BTC","wirex","","2018-12-19"
"Trade","37.30000000","EUR","0.01171000","BTC","wirex","","2018-12-19"
"Spend","","","37.30000000","EUR","wirex","DC","2018-12-19"
"Spend","","","214.00000000","EUR","wirex","DC","2018-12-17"
"Reward / Bonus","0.00034201","BTC","","","wirex","DC","2018-12-17"
"Trade","214.00000000","EUR","0.07090100","BTC","wirex","","2018-12-17"
"Withdrawal","","","0.10000000","BTC","wirex","","2018-12-17"
"Spend","","","261.00000000","EUR","wirex","DC","2018-12-15"
"Reward / Bonus","0.00045877","BTC","","","wirex","DC","2018-12-15"
"Trade","261.00000000","EUR","0.09447000","BTC","wirex","","2018-12-15"
"Trade","261.00000000","EUR","0.09447000","BTC","wirex","","2018-12-15"
"Spend","","","280.00000000","EUR","wirex","DC","2018-12-13"
"Reward / Bonus","0.00047811","BTC","","","wirex","DC","2018-12-13"
"Trade","280.00000000","EUR","0.09933200","BTC","wirex","","2018-12-13"
"Spend","","","30.00000000","EUR","wirex","DC","2018-12-13"
"Reward / Bonus","0.00004416","BTC","","","wirex","DC","2018-12-13"
"Withdrawal","","","85.91400000","XRP","Binance","","2018-10-30"
"Deposit","85.66400000","XRP","","","Exodus","","2018-10-30"
"Trade","85.91400000","XRP","0.00603313","BTC","","","2018-10-30"
"Withdrawal","","","889.11000000","MIOTA","Binance","","2018-10-30"
"Deposit","888.60000000","MIOTA","","","Trinity","","2018-10-30"
"Trade","889.11000000","MIOTA","0.06360000","BTC","","","2018-10-30"
"Withdrawal","","","2608.50000000","IOTA","Bitfinex","LOVQTPSBWOVRPNEHUYNYZYKIAV9XMPKYSHIMKUSFNIXQFPIS9BRHFJCVRIPFIIDSXBUWPZQR9KAWA9999","2018-10-17"
"Trade","9990.00000000","ADA","3.58641000","ETH","Binance","","2018-10-16"
"Withdrawal","","","9990.00000000","ADA","Binance","Wallet","2018-10-16"
"Trade","19548.43420000","ADA","8801.79000000","EUR","Binance","","2018-10-15"
"Withdrawal","","","19548.43420000","ADA","Binance","Wallet","2018-10-15"
"Trade","30939.03000000","ADA","11.03361961","ETH","Binance","","2018-10-15"
"Withdrawal","","","30939.03000000","ADA","Binance","Wallet","2018-10-15"
"Withdrawal","","","2086.91100000","MIOTA","Binance","","2018-10-15"
"Deposit","2086.91100000","MIOTA","","","Trinity","","2018-10-15"
"Withdrawal","","","2086.91100000","MIOTA","Binance","","2018-10-15"
"Trade","15480.50400000","ADA","7228.94000000","EUR","Binance","","2018-10-14"
"Withdrawal","","","15480.50400000","ADA","Binance","Wallet","2018-10-14"
"Trade","15419.56500000","ADA","7228.50000000","EUR","Binance","","2018-10-13"
"Withdrawal","","","15419.56500000","ADA","Binance","Wallet","2018-10-13"
"Trade","47952.00000000","ADA","23006.68000000","EUR","Binance","","2018-10-11"
"Withdrawal","","","47952.00000000","ADA","Binance","Wallet","2018-10-11"
"Trade","7218.77400000","ADA","3385.87000000","EUR","Binance","","2018-10-01"
"Withdrawal","","","7218.77400000","ADA","Binance","Wallet","2018-10-01"
"Trade","5464.53000000","ADA","5462.53000000","EUR","Binance","","2018-10-01"
"Withdrawal","","","5464.53000000","ADA","Binance","Wallet","2018-10-01"
"Trade","3652.34400000","ADA","1718.12000000","EUR","Binance","","2018-09-25"
"Withdrawal","","","3652.34400000","ADA","Binance","Wallet","2018-09-25"
"Trade","1949.04900000","ADA","815.00000000","EUR","Binance","","2018-09-19"
"Withdrawal","","","1949.04900000","ADA","Binance","Wallet","2018-09-19"
"Trade","2086.91100000","MIOTA","0.17395485","BTC","","","2018-09-19"
"Trade","5105.88900000","ADA","2359.69000000","EUR","Binance","","2018-09-12"
"Withdrawal","","","5105.88900000","ADA","Binance","Wallet","2018-09-12"
"Trade","913.08600000","ADA","433.12000000","EUR","Binance","","2018-09-11"
"Withdrawal","","","913.08600000","ADA","Binance","","2018-09-11"
"Deposit","912.08600000","ADA","","","ADAlight","Wallet","2018-09-11"
"Trade","0.00287219","BTC","0.24900000","BCH","Binance","Para comprar LIT","2018-08-01"
"Withdrawal","","","3400.00000000","ADA","ADAlight","","2018-06-05"
"Withdrawal","","","400.00000000","ADA","HITBTC","Auf Wallet","2018-05-31"
"Trade","7500.00000000","ZRX","0.00000000","USD","","","2018-05-24"
"Withdrawal","","","6780.00000000","XLM","Wallet","","2018-05-23"
"Withdrawal","","","6.78900000","XLM","Wallet","","2018-05-23"
"Deposit","6787.77300000","XLM","","","Wallet","","2018-05-22"
"Withdrawal","","","8405.00000000","XLM","Wallet","","2018-05-03"
"Deposit","2177.99000000","XLM","","","Wallet","","2018-04-22"
"Deposit","2214.99000000","XLM","","","Wallet","","2018-04-19"
"Deposit","1.00000000","BTC","","","","","2018-02-16"
"Deposit","97.47000000","LSK","","","Wallet","","2018-02-13"
"Deposit","0.40000000","LSK","","","Wallet","","2018-02-13"
"Deposit","3428.99000000","XLM","","","Wallet","","2018-01-26"
"Deposit","29.99000000","XLM","","","Wallet","","2018-01-26"
"Airdrop","340.16497000","XLM","","","Kraken","Aidrop","2018-01-18"
"Income","0.00159111","BTC","","","","","2017-12-15"
"Trade","0.00000000","EUR","3.66439704","BTC","Genesis Mining","200 TH/s","2017-11-21"
"Trade","0.00000000","EUR","3.66939704","BTC","Genesis Mining","200 TH/s","2017-11-21"
"Trade","0.00000000","EUR","3.68339705","BTC","Genesis Mining","200 TH/s","2017-11-21"
"Deposit","42884.41000000","USD","","","","","2017-01-01"
"Income","0.33030000","BTC","","","","","2016-11-24"
"Trade","1000.00000000","DOGE","0.00000000","EUR","","","2016-11-24"
"Trade","2.00000000","BTC","796.98000000","USD","coibase","","2014-07-25"
"Trade","60.00000000","XAG","0.00000000","EUR","Silberwerte.de","(100) Sh Elefant 2010","2010-06-03"